,filename,n_beats,tempo
2,subset/140-l-3005253-0171203-lucid-vox.mp3,33,140
6,subset/140-l-0170665-0008588-oleolsen-metal-guitar-loop-1.mp3,33,140
12,subset/140-l-2916991-0162381-asian-key-2.mp3,33,140
17,subset/140-l-2952073-0177850-trap-day.mp3,33,140
21,subset/140-l-2845380-0177754-chill-vibes-only.mp3,33,140
32,subset/140-l-3015730-0160691-happy-rhodes-x-bells-fly.mp3,33,140
75,subset/140-l-0825949-0069516-mistatungtwista-piano-progression.mp3,33,140
86,subset/140-l-0505104-0051929-raptureofficialmusic-otto-robato.mp3,33,140
113,subset/140-l-0919754-0061042-necroshadow-nice-dubstep-wobbles-part-1.mp3,33,140
123,subset/140-l-1036393-0066767-mararity-gentle-melody.mp3,33,140
138,subset/140-l-0213464-0054780-sovereignkonceptz-sine-prog-melodix-140.mp3,33,140
142,subset/140-l-0857244-0070940-rojo95-lights-remix-vocal-2.mp3,33,140
164,subset/140-l-3018444-0153897-depression.mp3,33,140
176,subset/140-l-0767706-0078871-loonygoon1-hypnotic-140-bpm-loop.mp3,33,140
197,subset/140-l-2855007-0170920-kalimba-half-timed-yung-bans-style.mp3,33,140
202,subset/140-l-0789156-0060860-jayjaybb-growley-dave-synth-2.mp3,33,140
208,subset/140-l-2851679-0141338-happy-melodic-piano.mp3,33,140
209,subset/140-l-2900535-0162985-vocal-loop-all-things-must-die.mp3,33,140
224,subset/140-l-0913071-0139789-squire-strat-atmospheric-fx-4.mp3,33,140
230,subset/140-l-0585857-0063698-kingadz12-bass-v2-yup-140bpm.mp3,33,140
233,subset/140-l-3014025-0158743-minty-bell.mp3,33,140
235,subset/140-l-1036393-0069084-mararity-arpeggiated-skank.mp3,33,140
246,subset/140-l-0805869-0091679-bdenney-wompy-dubstep-bass-drop.mp3,33,140
253,subset/140-l-1074165-0079040-zsb410-dubstep-drop-18-must-die.mp3,33,140
267,subset/140-l-3046960-0194219-cloudy-minded-piano.mp3,33,140
268,subset/140-l-2810878-0178377-genre-melody-decreased-1.mp3,33,140
285,subset/140-l-1031881-0069714-reflexaudiotech1-chord-pad.mp3,33,140
291,subset/140-l-2932543-0188898-piano-sad-vibes-trap-loop.mp3,33,140
294,subset/140-l-2996256-0148660-thousand-island.mp3,33,140
303,subset/140-l-0747210-0114571-ferryterry-140-bpm-acoustic-guitar.mp3,33,140
304,subset/140-l-0925317-0060891-dubdelta-dubstep-synth.mp3,33,140
305,subset/140-l-0899951-0064828-theafroguy-smooth-trap-melody.mp3,33,140
342,subset/140-l-3056971-0165409-sadness.mp3,33,140
347,subset/140-l-3012792-0148146-soft-pad-dark-angel-140bpm-min-harm-scale.mp3,33,140
355,subset/140-l-0963953-0105722-peliman44-partiality-bass.mp3,33,140
370,subset/140-l-0658685-0055438-thesavage-a140-space-core-pad.mp3,33,140
409,subset/140-l-2840203-0152006-playboi-carti-x-lil-uzi-vert-melody.mp3,33,140
414,subset/140-l-3012946-0165455-cobanger.mp3,33,140
420,subset/140-l-0913071-0139784-squire-strat-main.mp3,33,140
440,subset/140-l-0505104-0052027-raptureofficialmusic-genocide-bass-alt-fillers-flux-pavilion-style.mp3,33,140
467,subset/140-l-2956841-0168643-smooth-jazzy-rnb-piano.mp3,33,140
487,subset/140-l-0916852-0070840-reed1415-reinstated-sax-stabs.mp3,33,140
489,subset/140-l-0214983-0034771-steinaa-death-of-sound-acoustic-part-2.mp3,33,140
499,subset/140-l-0895314-0059249-explicitcontent-heavy-brostep-bass-loop.mp3,33,140
500,subset/140-l-0895314-0058927-explicitcontent-trancestep-xilent-style.mp3,33,140
507,subset/140-l-2983440-0168980-trap-harp-hard.mp3,33,140
516,subset/140-l-0598882-0136145-shadows-and-pianos.mp3,33,140
520,subset/140-l-2922316-0182277-fast-trap-flute.mp3,33,140
531,subset/140-l-0962892-0140632-lil-pump-lead.mp3,33,140
543,subset/140-l-2978218-0165115-sad-melodic-juice-wrld-type-guitar.mp3,33,140
545,subset/140-l-0823832-0091597-kritex-zomboy-type-of-drop.mp3,33,140
557,subset/140-l-1058438-0107174-artificial42-memories-bass-synth.mp3,33,140
587,subset/140-l-2837417-0137056-simple-dark-loop.mp3,33,140
593,subset/140-l-0494061-0083033-tjg-woods-wav-drop-1.mp3,33,140
600,subset/140-l-2910346-0178530-emotive-juice-wrld-x-pierre-bourne-x-playboi-carti.mp3,33,140
604,subset/140-l-2942130-0146930-calm-piano.mp3,33,140
631,subset/140-l-2829424-0180529-synth-release-buildup.mp3,33,140
633,subset/140-l-1058438-0107125-artificial42-sand-dune-shadows-bass.mp3,33,140
650,subset/140-l-1057371-0161510-dead-roses.mp3,33,140
652,subset/140-l-0658685-0055434-thesavage-f140mastertwitchbass.mp3,33,140
675,subset/140-l-1005538-0084396-l0new0lf-doctor-p-sweet-shop-drop-attempt.mp3,33,140
680,subset/140-l-0905830-0059730-danfu-chillout-pad.mp3,33,140
681,subset/140-l-2901976-0142203-white-clouds-140-bpm-a-minor.mp3,33,140
725,subset/140-l-0159051-0189999-minor2go-forgotten-bells-insurgency.mp3,33,140
729,subset/140-l-2815403-0195040-rip-juice-wrld.mp3,33,140
774,subset/140-l-2819693-0188376-peso-x-lil-keed-x-young-thug.mp3,33,140
790,subset/140-l-0789156-0060466-jayjaybb-space-cross.mp3,33,140
797,subset/140-l-2874122-0142149-trap-bells-loop.mp3,33,140
802,subset/140-l-0963953-0071329-peliman44-intro-pluck-from-tristam-talent-goes-by.mp3,33,140
803,subset/140-l-2864648-0171161-loop-11.mp3,33,140
811,subset/140-l-2833937-0174193-glockenspiel-tings.mp3,33,140
828,subset/140-l-1018967-0083100-atlasblue-liquid-dubstep-drop.mp3,33,140
832,subset/140-l-3009609-0151556-travis-scott-bell-melody.mp3,33,140
842,subset/140-l-2824193-0144305-metro-boomin-type-piano.mp3,33,140
862,subset/140-l-3038497-0155119-juice-wrld-show-me-love.mp3,33,140
869,subset/140-l-0689594-0070955-thethclovesme-whatever-you-want-it-to-be.mp3,33,140
881,subset/140-l-0831304-0067945-dubtek-dubstep-bass.mp3,33,140
886,subset/140-l-3092292-0174817-lil-peep-x-lil-tracy-loop-140-bpm.mp3,33,140
906,subset/140-l-3005253-0171194-21-savage-type-melody-intro.mp3,33,140
922,subset/140-l-0813845-0093347-100percent102-dawn-guitar-140bpm.mp3,33,140
930,subset/140-l-3092292-0178271-lil-tecca-x-lil-skies-type-loop-140bpm.mp3,33,140
965,subset/140-l-2837417-0136626-globe-killer.mp3,33,140
979,subset/140-l-1058438-0107121-artificial42-a-break-in-the-clouds-synth.mp3,33,140
987,subset/140-l-0224205-0126089-jdubz89-riddim-dubstep-synth-4.mp3,33,140
988,subset/140-l-2855214-0155908-finally-made-it-strings.mp3,33,140
989,subset/140-l-3038990-0174131-dark-pluck-ronny-j-type-loop.mp3,33,140
996,subset/140-l-0776394-0057487-dswift6-trap-wissle.mp3,33,140
1000,subset/140-l-2837417-0136635-sad-flute-bells.mp3,33,140
1025,subset/140-l-0600309-0047723-jawshoeah-thor-synth-wobble-2-from-i-just-wanna-dub-you.mp3,33,140
1026,subset/140-l-0841698-0073062-byngsies-arp-square-baby-rising.mp3,33,140
1042,subset/140-l-0843620-0065212-ksilvatheboss-crunchy-bass-smooth-and-dirty.mp3,33,140
1047,subset/140-l-0775891-0067192-cfiredog-annihilation-heavy-growl.mp3,33,140
1049,subset/140-l-2876586-0153758-juice-wrld-guitar.mp3,33,140
1054,subset/140-l-0962892-0192339-travis-gunna-string-pad.mp3,33,140
1062,subset/140-l-0961032-0128736-dance-piano-chords-sidechain.mp3,33,140
1064,subset/140-l-3016204-0178603-love-or-not.mp3,33,140
1068,subset/140-l-0843620-0065215-ksilvatheboss-trap-pop-piano.mp3,33,140
1101,subset/140-l-0733692-0124538-davideborelli-land-kit-trap-flute-2.mp3,33,140
1117,subset/140-l-3041481-0194668-spirits.mp3,33,140
1123,subset/140-l-1024193-0171699-trap-brass.mp3,33,140
1126,subset/140-l-2980739-0186993-flet-flute.mp3,33,140
1153,subset/140-l-2856554-0183645-juice-wrld-space-pluck.mp3,33,140
1155,subset/140-l-0794457-0062854-deadstringer-bus-piano-2.mp3,33,140
1179,subset/140-l-3046433-0156326-kid-pad.mp3,33,140
1196,subset/140-l-0321618-0117599-dj4kat-arabic-xylophone-loop.mp3,33,140
1204,subset/140-l-0340535-0144546-piano-melody-progression-b1.mp3,33,140
1207,subset/140-l-0721248-0065867-dafatmandubstep-heavy-bass.mp3,33,140
1208,subset/140-l-0498905-0063889-optimistic-ghostkillers.mp3,33,140
1210,subset/140-l-3008776-0180148-space-trap-chords.mp3,33,140
1243,subset/140-l-2954754-0174258-keyscape-melody-light.mp3,33,140
1245,subset/140-l-2996256-0147362-tobiasha.mp3,33,140
1248,subset/140-l-2900535-0163851-travis-scott-vocal-loop.mp3,33,140
1263,subset/140-l-0916852-0070842-reed1415-reinstated-strings.mp3,33,140
1270,subset/140-l-0999901-0178347-sad-xxxtentacion-type-melody.mp3,33,140
1277,subset/140-l-0334474-0039587-waper-strings-v1.mp3,33,140
1307,subset/140-l-2954682-0168449-watery.mp3,33,140
1334,subset/140-l-0860807-0063577-chitex-bell-boy.mp3,33,140
1341,subset/140-l-0878398-0058137-keishh-loves-artillery.mp3,33,140
1350,subset/140-l-2958318-0159573-feel-good-vibe.mp3,33,140
1357,subset/140-l-3001681-0165886-sea-flute-loop-em.mp3,33,140
1364,subset/140-l-2980473-0190391-lil-tecca-x-playboi-carti-x-lil-mosey-type-loop-type.mp3,33,140
1385,subset/140-l-0857244-0072127-rojo95-crazy-trap.mp3,33,140
1394,subset/140-l-0962325-0164293-dark-atmospheric-pad-2.mp3,33,140
1399,subset/140-l-2809530-0134991-dylan-nav-said-my-loops-are-lit.mp3,33,140
1416,subset/140-l-2886897-0165048-overcast.mp3,33,140
1425,subset/140-l-0776394-0057486-dswift6-music-box-groove.mp3,33,140
1444,subset/140-l-0691889-0053264-flowcapn-crystal-horizon-stutter-pad-part-1.mp3,33,140
1451,subset/140-l-3018444-0151799-xtasy-and-beer.mp3,33,140
1452,subset/140-l-2808930-0148037-metro-21savage.mp3,33,140
1459,subset/140-l-1074165-0076987-zsb410-fun-metallic-bass.mp3,33,140
1467,subset/140-l-2967873-0183658-jd-in-my-foreign.mp3,33,140
1470,subset/140-l-0420981-0051273-zatch-trance-pad-2-edit.mp3,33,140
1474,subset/140-l-3005253-0171331-chill-guitar-melody.mp3,33,140
1496,subset/140-l-0689594-0069461-thethclovesme-put-that-in-your-pipe-and-smoke-it.mp3,33,140
1505,subset/140-l-1018967-0117228-atlasblue-future-bass-brass.mp3,33,140
1515,subset/140-l-2848636-0173827-ronny-j-type-loop-dark-trap.mp3,33,140
1523,subset/140-l-0243518-0066142-sterixx-desire-fx-fillin.mp3,33,140
1528,subset/140-l-0170665-0008590-oleolsen-guitar-loop-4.mp3,33,140
1549,subset/140-l-3090470-0177534-the-legend-of-zelda-type-melody.mp3,33,140
1554,subset/140-l-3014025-0193774-bouncy-synth.mp3,33,140
1564,subset/140-l-3009609-0154687-travis-scott-spacey-bell-melody.mp3,33,140
1568,subset/140-l-2900535-0163853-bllod-on-my-hands-xxxtentacion-vocal-loop.mp3,33,140
1569,subset/140-l-0719547-0155284-purple.mp3,33,140
1574,subset/140-l-2945815-0193815-part-1-deep-space-chords-by-310.mp3,33,140
1579,subset/140-l-0641036-0125671-6stringsofdoom-piano-thoughts-7-pt-1-piano.mp3,33,140
1602,subset/140-l-0825949-0072579-mistatungtwista-em-140-bass-loop.mp3,33,140
1607,subset/140-l-2815745-0170650-dark-21-savage-x-big-sean-type-bells.mp3,33,140
1636,subset/140-l-0218753-0077401-djcriz3y-dark-intro-2-criz.mp3,33,140
1641,subset/140-l-1031881-0069715-reflexaudiotech1-soft-lead.mp3,33,140
1653,subset/140-l-1079874-0152909-thxu2.mp3,33,140
1683,subset/140-l-2978863-0145821-undergrouround.mp3,33,140
1686,subset/140-l-0898081-0066741-followthelight-duck-duck-goose.mp3,33,140
1704,subset/140-l-0919754-0061045-necroshadow-some-dubstep-wobbles.mp3,33,140
1710,subset/140-l-0653077-0070567-pennywise-dub-reece-bass.mp3,33,140
1739,subset/140-l-0913071-0139786-squire-strat-atmospheric-fx-1.mp3,33,140
1751,subset/140-l-0813845-0093346-100percent102-dagger.mp3,33,140
1768,subset/140-l-3064512-0184162-space-harp.mp3,33,140
1780,subset/140-l-2910346-0181331-juice-wrld-x-lil-mosey-x-lil-tjay-loop.mp3,33,140
1781,subset/140-l-2911467-0160629-full-of-hope.mp3,33,140
1806,subset/140-l-1042524-0067153-demusv-wildfire-arp.mp3,33,140
1837,subset/140-l-2986523-0164665-blaze-up-some-indo-vocal-loop.mp3,33,140
1861,subset/140-l-0843620-0065224-ksilvatheboss-weird-synth-pad.mp3,33,140
1884,subset/140-l-2986369-0165739-dark-pluck-and-ney.mp3,33,140
1892,subset/140-l-2829424-0175352-sort-of-edm-plucks-dry-vers.mp3,33,140
1896,subset/140-l-0789156-0060440-jayjaybb-swindle-synth.mp3,33,140
1949,subset/140-l-2901976-0142198-sad-guitar-melody-140-bpm-b-minor.mp3,33,140
1961,subset/140-l-2886897-0161354-whistle-loop.mp3,33,140
1969,subset/140-l-1031271-0083779-therevoutionist-acoustic-electronic-layered-groove-half-time.mp3,33,140
1990,subset/140-l-2933768-0194879-lifeoftheo-ode-to-jarad-2-piano-loop.mp3,33,140
2001,subset/140-l-3012946-0152723-mellow-days.mp3,33,140
2011,subset/140-l-2833937-0174972-departure.mp3,33,140
2016,subset/140-l-2825675-0141780-another-loop.mp3,33,140
2020,subset/140-l-1046123-0069734-ky0sh1r0-getting-prepared.mp3,33,140
2025,subset/140-l-0571945-0134837-guava-sync.mp3,33,140
2029,subset/140-l-0505104-0051387-raptureofficialmusic-the-good-life.mp3,33,140
2052,subset/140-l-3092292-0174969-suicideboys-dark-melody-140bpm.mp3,33,140
2054,subset/140-l-0789156-0060477-jayjaybb-tripania.mp3,33,140
2057,subset/140-l-0505104-0052356-raptureofficialmusic-moment-of-madness-drop.mp3,33,140
2066,subset/140-l-2886261-0141384-rnb-piano.mp3,33,140
2071,subset/140-l-1053032-0126267-antontitov-loop-type-drake.mp3,33,140
2091,subset/140-l-2863573-0168293-juice-wrld-x-iann-dior-type-loop.mp3,33,140
2095,subset/140-l-2847642-0150418-sad-lil-uzi-vert-melody-with-keys.mp3,33,140
2098,subset/140-l-0672759-0194813-synth-step-140.mp3,33,140
2113,subset/140-l-2906073-0172477-scarlxrd-type-loop.mp3,33,140
2120,subset/140-l-3064512-0186694-wanka-flokka-type.mp3,33,140
2128,subset/140-l-1032912-0068327-dazanosa-dubstep-bass.mp3,33,140
2163,subset/140-l-2966206-0182490-asia-meetz-europe-140.mp3,33,140
2186,subset/140-l-0831304-0067949-dubtek-dubstep-bass-c.mp3,33,140
2201,subset/140-l-1058438-0107124-artificial42-sand-dune-shadows-pluck.mp3,33,140
2215,subset/140-l-2834791-0144888-travis-scott-type-loop.mp3,33,140
2218,subset/140-l-0916852-0065595-reed1415-angel-strings.mp3,33,140
2284,subset/140-l-0073162-0055514-hmnn-hmnn-slapit-dub-2.mp3,33,140
2320,subset/140-l-0480098-0056678-jamievega-stuck-on-flat-pizzicato-rolling-bass.mp3,33,140
2330,subset/140-l-2858797-0189560-bouncy-trap-piano-loop-bipolar.mp3,33,140
2332,subset/140-l-0689209-0077231-neezle-jumpy-loop.mp3,33,140
2335,subset/140-l-2900535-0163849-dont-forget-me-emo-vocal-loop.mp3,33,140
2343,subset/140-l-2856554-0184538-melodic-strings-n-lead.mp3,33,140
2373,subset/140-l-3091405-0163686-isolation.mp3,33,140
2387,subset/140-l-3041481-0161256-telepathic.mp3,33,140
2388,subset/140-l-2926605-0142480-good-club-progression.mp3,33,140
2410,subset/140-l-0843620-0065218-ksilvatheboss-trippy-pad.mp3,33,140
2423,subset/140-l-2848608-0179929-dark-guitar-melody.mp3,33,140
2434,subset/140-l-2874122-0138828-brass-loop.mp3,33,140
2454,subset/140-l-0759206-0063007-eos-rad-octavia.mp3,33,140
2490,subset/140-l-0739799-0062452-nickmarshall-melody-1.mp3,33,140
2491,subset/140-l-2996256-0148659-groove-piano.mp3,33,140
2527,subset/140-l-0689209-0087846-neezle-intro-arp.mp3,33,140
2542,subset/140-l-2980473-0171706-lil-tecca-x-playboi-carti-loop.mp3,33,140
2551,subset/140-l-3050314-0184137-nba-youngboy-x-quondo-rondo-loop-140-bpm.mp3,33,140
2561,subset/140-l-2974288-0194704-smooth-piano-melodie.mp3,33,140
2574,subset/140-l-0825949-0072583-mistatungtwista-140-fm-chord-loop.mp3,33,140
2585,subset/140-l-1024193-0143420-sign-wave.mp3,33,140
2599,subset/140-l-3056971-0164139-darkness-2-synth.mp3,33,140
2602,subset/140-l-2855065-0192774-dreaming-notforthequaint.mp3,33,140
2627,subset/140-l-2858781-0189505-happy-trap-piano.mp3,33,140
2629,subset/140-l-2914632-0141441-a-dark-dream.mp3,33,140
2636,subset/140-l-0691889-0053333-flowcapn-complextro-dub-loop.mp3,33,140
2647,subset/140-l-1018967-0117230-atlasblue-future-bass-chords-2.mp3,33,140
2652,subset/140-l-0224205-0112109-jdubz89-riddim-dubstep-synth-2.mp3,33,140
2656,subset/140-l-3092292-0178342-juice-wrld-x-nick-mira-type-loop-140bpm.mp3,33,140
2708,subset/140-l-0910683-0062602-ambushjosh-simple-piano-b.mp3,33,140
2709,subset/140-l-0843620-0065214-ksilvatheboss-blackmill-type-pad.mp3,33,140
2716,subset/140-l-2812239-0180641-playboi-carti-type-loop-swoop.mp3,33,140
2724,subset/140-l-2954754-0175885-keyscape-dark-piano-rope.mp3,33,140
2740,subset/140-l-1057371-0187670-another-day.mp3,33,140
2741,subset/140-l-0910683-0062600-ambushjosh-energized-riser.mp3,33,140
2743,subset/140-l-2973558-0194481-loop-4.mp3,33,140
2744,subset/140-l-3005253-0171201-lucid-keys.mp3,33,140
2761,subset/140-l-0159051-0190515-minor2go-synth-power-feelings-2.mp3,33,140
2795,subset/140-l-0141901-0051599-mchn-building-blocks-2.mp3,33,140
2845,subset/140-l-0159051-0190162-minor2go-minor2go-type-guitar-alynia.mp3,33,140
2849,subset/140-l-0159051-0190019-minor2go-minor2go-type-guitar-music-is-a-home.mp3,33,140
2850,subset/140-l-2921434-0189695-21-savage-type.mp3,33,140
2878,subset/140-l-1018967-0082969-atlasblue-his-footsteps-piano.mp3,33,140
2885,subset/140-l-3036151-0173773-flex-piano.mp3,33,140
2897,subset/140-l-0913071-0139788-squire-strat-atmospheric-fx-3.mp3,33,140
2902,subset/140-l-1018967-0082968-atlasblue-his-footsteps-string.mp3,33,140
2903,subset/140-l-1005538-0082011-l0new0lf-all-for-you-super-saw.mp3,33,140
2905,subset/140-l-2995012-0179706-jango-young-thug-type.mp3,33,140
2942,subset/140-l-2845380-0176477-internet-money-loop.mp3,33,140
2949,subset/140-l-2899262-0147632-reverse-half-timed-piano-140-bpm.mp3,33,140
2956,subset/140-l-2858797-0168412-nba-youngboy-x-juice-wrld-type-piano-loop-danger.mp3,33,140
2978,subset/140-l-0693226-0192304-reverse-pads.mp3,33,140
3076,subset/140-l-0733692-0124542-davideborelli-land-kit-complete.mp3,33,140
3079,subset/140-l-2974946-0184434-piano-travis-scott-type-darkness.mp3,33,140
3080,subset/140-l-2811812-0178121-mhhhhh.mp3,33,140
3083,subset/140-l-0789156-0060441-jayjaybb-swindle-synth-note-up.mp3,33,140
3086,subset/140-l-3011863-0175424-saxophone-w-flute.mp3,33,140
3135,subset/140-l-3092292-0174692-lil-pump-x-migos-x-tyga-loop-140-bpm.mp3,33,140
3145,subset/140-l-2874620-0142475-yamaha-grand-piano.mp3,33,140
3154,subset/140-l-2815137-0163970-riddle-lil-uzi-vert-trap-loop.mp3,33,140
3162,subset/140-l-0698182-0063521-trapkid-beautifull-orchestra.mp3,33,140
3164,subset/140-l-0626235-0079767-jan27h-bass-sound-001.mp3,33,140
3188,subset/140-l-3041481-0162821-bands.mp3,33,140
3206,subset/140-l-0739799-0062453-nickmarshall-melody-2.mp3,33,140
3212,subset/140-l-2900535-0163177-xxx-tentacion-type-vocal-loop-follow-me.mp3,33,140
3214,subset/140-l-2808586-0189214-80s-loop.mp3,33,140
3224,subset/140-l-0997272-0130878-bgm-inspiration.mp3,33,140
3243,subset/140-l-3058964-0169662-i-made-this-loop-on-an-inmate-jail-tablet.mp3,33,140
3261,subset/140-l-0768192-0062392-endreendre-fresh-dubstep-pad.mp3,33,140
3268,subset/140-l-2845380-0174727-this-is-wavy-yo.mp3,33,140
3285,subset/140-l-3054567-0194175-nick-mira-type-bells.mp3,33,140
3286,subset/140-l-0999901-0178348-sad-xxxtentacion-type-loop-2.mp3,33,140
3304,subset/140-l-3022366-0190272-scraped-piano-melody.mp3,33,140
3305,subset/140-l-0526890-0050878-st3rl1ng-022-dubstep-bass-140-bpm.mp3,33,140
3309,subset/140-l-2851679-0138474-gt-piano.mp3,33,140
3340,subset/140-l-0843620-0065211-ksilvatheboss-smooth-trap-choir.mp3,33,140
3342,subset/140-l-2965879-0174088-por-favor-narcos-guitar-type-melody.mp3,33,140
3346,subset/140-l-2910560-0165742-juice-wrld-type-guitar.mp3,33,140
3347,subset/140-l-0348349-0064278-harveybluntman-fat-lead-synth.mp3,33,140
3357,subset/140-l-2845325-0158762-piano-1-half.mp3,33,140
3360,subset/140-l-2959154-0147900-nice-vibe-piano-loop.mp3,33,140
3371,subset/140-l-2879189-0151737-harp-loop-angels-harp.mp3,33,140
3383,subset/140-l-2995012-0188259-kanpun-type-loop.mp3,33,140
3392,subset/140-l-0689594-0065014-thethclovesme-shut-your-mouth-bass-wobble.mp3,33,140
3396,subset/140-l-0919754-0061186-necroshadow-very-sick-bass-wobble-part-2.mp3,33,140
3400,subset/140-l-0916852-0078092-reed1415-kanye.mp3,33,140
3403,subset/140-l-0823832-0079749-kritex-david-crowe-wobbles.mp3,33,140
3426,subset/140-l-0831138-0083681-djgallala91-dalos-trap-synth.mp3,33,140
3453,subset/140-l-3014025-0161825-just-a-beautiful-bell.mp3,33,140
3466,subset/140-l-0505104-0051382-raptureofficialmusic-yoing-with-the-devil.mp3,33,140
3473,subset/140-l-2989321-0192726-piano-type-nick-mira.mp3,33,140
3475,subset/140-l-0895314-0061553-explicitcontent-xilent-4-trancestep.mp3,33,140
3477,subset/140-l-0082073-0157927-lets-try-some-trap-loopz-01.mp3,33,140
3494,subset/140-l-3005253-0171105-dark-shots-half-speed.mp3,33,140
3534,subset/140-l-2830713-0145683-sad-x-lil-peep-sample.mp3,33,140
3538,subset/140-l-0963953-0105724-peliman44-partiality-melodic-chords.mp3,33,140
3539,subset/140-l-0973843-0069032-zooka21-fear-me-bass.mp3,33,140
3557,subset/140-l-0296572-0088065-asterikz-8bit-trap-synth.mp3,33,140
3558,subset/140-l-3012946-0152916-good-bye-mr-tien.mp3,33,140
3566,subset/140-l-0693226-0143520-travis-scott-style-broken-old-piano.mp3,33,140
3576,subset/140-l-2858797-0171411-nba-youngboy-x-ysl-bouncy-piano-type-loop-firefly.mp3,33,140
3577,subset/140-l-2974428-0181852-again-remaps.mp3,33,140
3607,subset/140-l-2954682-0170044-synth-pluggy.mp3,33,140
3612,subset/140-l-0460559-0058076-qwerty12-slappin-da-wobble.mp3,33,140
3614,subset/140-l-1070135-0070862-theofficialvalve-first-dubstep-bass.mp3,33,140
3618,subset/140-l-0768192-0061555-endreendre-insane-dubstep-drop-2.mp3,33,140
3627,subset/140-l-0719514-0053745-robenich-rusko-style-part-2.mp3,33,140
3673,subset/140-l-2870319-0145943-chill-melody.mp3,33,140
3698,subset/140-l-0850517-0128878-uplift.mp3,33,140
3703,subset/140-l-0265632-0142704-apple-bottom-jeans.mp3,33,140
3715,subset/140-l-0698182-0063223-trapkid-anthem-orchestral.mp3,33,140
3729,subset/140-l-1060142-0101800-philemonster1-sexy-but-dirty-bell.mp3,33,140
3733,subset/140-l-2848608-0179380-deviating-keys-part-1.mp3,33,140
3735,subset/140-l-0641036-0129114-western.mp3,33,140
3741,subset/140-l-2809530-0156665-my-producer-tag-if-you-want-to-add-in-your-tracks.mp3,33,140
3755,subset/140-l-0383121-0162554-bass-crunch-silent-hill-bass.mp3,33,140
3775,subset/140-l-2849259-0183227-loop-pack-preview-sample-gesus-140-bpm-gm.mp3,33,140
3794,subset/140-l-2913017-0141672-extremely-sad-piano.mp3,33,140
3797,subset/140-l-0159051-0190319-minor2go-type-guitar-cosia.mp3,33,140
3835,subset/140-l-2900535-0163852-emo-vocal-loop-what-can-i-say.mp3,33,140
3836,subset/140-l-0861313-0153409-nav-x-the-weeknd-type-sample.mp3,33,140
3840,subset/140-l-2833192-0159055-bell-loop-140bpm.mp3,33,140
3872,subset/140-l-1031271-0070824-therevoutionist-acoustic-full-time-dubstep-groove.mp3,33,140
3881,subset/140-l-3015108-0189918-psichodelic-loop.mp3,33,140
3889,subset/140-l-3063344-0185160-crying-140-bpm-juice-wrld-lil-skies-bell-loop.mp3,33,140
3891,subset/140-l-2855200-0167090-dark-flute-x-bells.mp3,33,140
3892,subset/140-l-1058438-0107099-artificial42-rain-synth-sidechained.mp3,33,140
3916,subset/140-l-0831304-0067941-dubtek-dubstep-lead.mp3,33,140
3929,subset/140-l-0999901-0175215-murda.mp3,33,140
3931,subset/140-l-0311209-0028997-shurelytemper-pipe-loopr.mp3,33,140
3938,subset/140-l-2899262-0147631-electronic-chords-140-bpm.mp3,33,140
3946,subset/140-l-0789156-0060907-jayjaybb-growley-dave-fx.mp3,33,140
3964,subset/140-l-0321618-0117600-dj4kat-susurri-synth-loop.mp3,33,140
3968,subset/140-l-3103352-0166047-sick-marimba.mp3,33,140
3999,subset/140-l-0800997-0058488-theofficialchemist-trancy-dubstep-lead.mp3,33,140
4024,subset/140-l-0259745-0064894-ishimizu-chipped-lowfi-bass-synth.mp3,33,140
4038,subset/140-l-2830823-0172510-lil-peep-pad-loop.mp3,33,140
4041,subset/140-l-2900535-0162990-vocal-loop-u-cant-break-me-down.mp3,33,140
4045,subset/140-l-2808992-0176970-dark-vibes.mp3,33,140
4052,subset/140-l-0152307-0007881-nemou-robo-disco.mp3,33,140
4054,subset/140-l-2996256-0148658-long-rhode.mp3,33,140
4080,subset/140-l-0843620-0065182-ksilvatheboss-smooth-trap-hip-hop-dubstep-piano.mp3,33,140
4083,subset/140-l-3083729-0188170-sad-piano-style-1.mp3,33,140
4087,subset/140-l-2940741-0170762-chopped-keys.mp3,33,140
4096,subset/140-l-2870405-0148690-sad-piano-loop-idk.mp3,33,140
4120,subset/140-l-2907216-0175669-nf-x-ynb-cordae-type-melody-dm-140bpm.mp3,33,140
4126,subset/140-l-2893625-0147866-orka-dark-glitched-piano.mp3,33,140
4129,subset/140-l-2910346-0179193-juice-wrld-x-nick-mira-x-iann-dior-piano.mp3,33,140
4146,subset/140-l-2899262-0147629-effected-spaced-chords-140-bpm.mp3,33,140
4161,subset/140-l-0843620-0065213-ksilvatheboss-trap-piano.mp3,33,140
4162,subset/140-l-0585857-0063814-kingadz12-synth-super-space-adventure-time-140bpm.mp3,33,140
4185,subset/140-l-2984289-0152459-carousel-dream.mp3,33,140
4190,subset/140-l-2972616-0186419-sonar-ghostemane-x-bones-type-melody.mp3,33,140
4204,subset/140-l-2837417-0136624-beverly-hills-bells.mp3,33,140
4218,subset/140-l-0797099-0057680-theofficialfrostbite-vendetta-dubstep-bass-loop.mp3,33,140
4229,subset/140-l-1060142-0108440-philemonster1-festive-trap-mood.mp3,33,140
4233,subset/140-l-2874122-0139441-japanese-type-trap-loop.mp3,33,140
4256,subset/140-l-0658685-0055506-thesavage-140-tone-of-the-blue-moon.mp3,33,140
4288,subset/140-l-0551980-0187669-trap-melody-7.mp3,33,140
4293,subset/140-l-1036393-0069083-mararity-arpeggiated-synth.mp3,33,140
4303,subset/140-l-2829424-0175189-sort-of-edm-plucks.mp3,33,140
4322,subset/140-l-0719514-0053744-robenich-rusko-style-part-1.mp3,33,140
4358,subset/140-l-0905830-0059705-danfu-arpd-beeps.mp3,33,140
4363,subset/140-l-2880433-0161981-lofi-bell-chords.mp3,33,140
4369,subset/140-l-0860807-0118763-chitex-late-night.mp3,33,140
4384,subset/140-l-2858797-0193185-nba-youngboy-x-quando-rondo-type-piano-loop-worst.mp3,33,140
4414,subset/140-l-2887391-0150041-mandolin-loop-1.mp3,33,140
4418,subset/140-l-2856554-0185180-pluck-dry.mp3,33,140
4425,subset/140-l-0857244-0070942-rojo95-lights-remix-lead.mp3,33,140
4427,subset/140-l-2825633-0194080-nasty-lil-pump-lead.mp3,33,140
4448,subset/140-l-1074165-0076988-zsb410-fun-growl-bass.mp3,33,140
4453,subset/140-l-0944391-0079047-decessus-alaska-stabs-2.mp3,33,140
4490,subset/140-l-2901976-0141069-fire-piano-loop-b-minor-140-bpm.mp3,33,140
4498,subset/140-l-0214983-0034770-steinaa-death-of-sound-acoustic-part.mp3,33,140
4502,subset/140-l-2810878-0178384-genre-melody-decreased-2.mp3,33,140
4517,subset/140-l-1057371-0159691-quit-life.mp3,33,140
4524,subset/140-l-0689209-0081557-neezle-weird-trap-thing.mp3,33,140
4551,subset/140-l-2816015-0134663-dusty-microtonal-keys.mp3,33,140
4575,subset/140-l-0916852-0065594-reed1415-angel-pad.mp3,33,140
4579,subset/140-l-0914907-0127959-autotune-on-the-pad.mp3,33,140
4583,subset/140-l-0844357-0068761-flyingswine-getter-rekoil-wobble.mp3,33,140
4589,subset/140-l-0719514-0053752-robenich-rusko-style-part-3.mp3,33,140
4607,subset/140-l-0973843-0069030-zooka21-whaaa.mp3,33,140
4611,subset/140-l-3008776-0190943-og-arpeggio.mp3,33,140
4616,subset/140-l-0375728-0028697-cybertooth-chill-glitch.mp3,33,140
4618,subset/140-l-0760639-0069598-cheeseymofodude-dubstep-bass-loop.mp3,33,140
4626,subset/140-l-2994872-0162162-metro-boomin.mp3,33,140
4661,subset/140-l-3014025-0158740-juice-wrld-style.mp3,33,140
4665,subset/140-l-0997272-0145912-loops.mp3,33,140
4682,subset/140-l-2856554-0185179-pluck-with-effects.mp3,33,140
4687,subset/140-l-3030434-0182117-retribution-guitar-chords.mp3,33,140
4688,subset/140-l-2807831-0157416-metro-boomin-type-piano-melody.mp3,33,140
4704,subset/140-l-0643834-0056295-xray731-trap-muzik-arp.mp3,33,140
4705,subset/140-l-0641036-0125672-6stringsofdoom-piano-thoughts-7-pt-1-bells.mp3,33,140
4708,subset/140-l-2934516-0160186-hara-luu-bells.mp3,33,140
4710,subset/140-l-0100662-0003815-cheezeman32-trance-synth-03.mp3,33,140
4712,subset/140-l-0342904-0056417-breo-crazy-space-fx.mp3,33,140
4715,subset/140-l-0460559-0058079-qwerty12-foreign-synth.mp3,33,140
4717,subset/140-l-0826800-0168226-flute-loop-2-with-halftime.mp3,33,140
4719,subset/140-l-2886261-0140838-dubing.mp3,33,140
4747,subset/140-l-0480098-0056680-jamievega-stuck-on-flat-jazz-keyboard-stabs.mp3,33,140
4759,subset/140-l-1024367-0086075-cg5music-breakn-a-sweat-skrillex-remake.mp3,33,140
4775,subset/140-l-2984289-0150872-uk-grime-melody-two.mp3,33,140
4784,subset/140-l-0963953-0105725-peliman44-partiality-melodic-chords-cleaner.mp3,33,140
4790,subset/140-l-0739799-0061823-nickmarshall-if-like-your-bass-heavy.mp3,33,140
4806,subset/140-l-2927527-0151379-lil-pump-x-smokepurpp-x-logic-type.mp3,33,140
4819,subset/140-l-2972616-0194117-nick-mira-x-sidepce-piano.mp3,33,140
4836,subset/140-l-3015730-0151104-lil-yachty-type-bells-happy-every-day.mp3,33,140
4841,subset/140-l-2835942-0173512-chill-trap-melody-loop.mp3,33,140
4842,subset/140-l-0962892-0141291-spooky-trap-piano.mp3,33,140
4855,subset/140-l-0585857-0063699-kingadz12-bass-v3-yup-140bpm.mp3,33,140
4862,subset/140-l-0962892-0140415-trap-bell-loop.mp3,33,140
4886,subset/140-l-2924394-0166846-afterlife-organ-part1.mp3,33,140
4941,subset/140-l-1074165-0079043-zsb410-dubstep-drop-18-must-die-part-2.mp3,33,140
4955,subset/140-l-3088706-0155105-dark-lil-uzi-type-melody-produced-by-ele.mp3,33,140
4964,subset/140-l-3015730-0162048-metro-x-drake-trap-bells-bad-advice.mp3,33,140
4965,subset/140-l-0722037-0067099-simon224-explosion-crash-convolved.mp3,33,140
4970,subset/140-l-0905830-0059704-danfu-spacey-beeps.mp3,33,140
4978,subset/140-l-2974946-0184437-synth-bass-travis-scott-type-darkness.mp3,33,140
4981,subset/140-l-3068024-0159822-elk-lil-skies-or-juice-wrld-melodic-loop.mp3,33,140
4997,subset/140-l-2811812-0178120-mwaka-140.mp3,33,140
4999,subset/140-l-2931100-0186775-dark-trap-loop-reversed.mp3,33,140
5012,subset/140-l-1018967-0117231-atlasblue-future-bass-chords.mp3,33,140
5032,subset/140-l-3008776-0186554-space-trap-chords-v2.mp3,33,140
5036,subset/140-l-1036393-0069605-mararity-bassnectar-ish-loop.mp3,33,140
5040,subset/140-l-0843620-0065183-ksilvatheboss-hip-hop-dubstep-trap-harp.mp3,33,140
5054,subset/140-l-0759206-0065091-eos-ponystep-vip-full.mp3,33,140
5058,subset/140-l-2826990-0181175-roddy-ricch-idk.mp3,33,140
5078,subset/140-l-2950905-0192302-bells-of-life.mp3,33,140
5081,subset/140-l-0689209-0078523-neezle-must-zomdie.mp3,33,140
5085,subset/140-l-3015108-0174029-sad-trumpet.mp3,33,140
5101,subset/140-l-3045267-0170079-vibey-and-atmospheric-juice-wrld-x-lil-mosey-type-loop.mp3,33,140
5105,subset/140-l-2849259-0183884-guitar-loop-140-bpm-sample-pack-preview-part-2.mp3,33,140
5120,subset/140-l-1058438-0107175-artificial42-memories-arp-piano.mp3,33,140
5141,subset/140-l-1058438-0113204-artificial42-inspiration-synth.mp3,33,140
5146,subset/140-l-2858797-0173950-quando-rondo-type-piano-youngin.mp3,33,140
5150,subset/140-l-1044386-0081035-timmydarkside-killa-synth.mp3,33,140
5171,subset/140-l-0775891-0068405-cfiredog-annihilation-synth-chords.mp3,33,140
5178,subset/140-l-2995287-0179934-happy-type-melody.mp3,33,140
5209,subset/140-l-2953593-0155000-happy-hate.mp3,33,140
5214,subset/140-l-0853322-0082974-defx-brass-chords-lead.mp3,33,140
5217,subset/140-l-0853544-0079439-rickmassacre-synth-arp-3.mp3,33,140
5234,subset/140-l-0571945-0134836-guava-organ.mp3,33,140
5252,subset/140-l-1058438-0107177-artificial42-memories-pluck.mp3,33,140
5253,subset/140-l-2899262-0147628-dark-trap-intro-140-bpm.mp3,33,140
5277,subset/140-l-0218753-0077455-djcriz3y-i-am-a-stringer-criz.mp3,33,140
5284,subset/140-l-1024193-0171701-trap-creepy-piano.mp3,33,140
5304,subset/140-l-2849259-0182870-ghostish-piano-with-guitar-pluck-140-bpm.mp3,33,140
5306,subset/140-l-2813965-0164281-dead-inside-synth-loop.mp3,33,140
5309,subset/140-l-2885381-0150307-sounds-like-dark-trap.mp3,33,140
5344,subset/140-l-2858797-0175194-nba-youngboy-type-piano-fleur.mp3,33,140
5365,subset/140-l-1058438-0094980-domenicswagman-a-less-broken-heart-outro.mp3,33,140
5374,subset/140-l-2900535-0163000-money-in-my-pocket-vocal-loop.mp3,33,140
5375,subset/140-l-3061598-0179294-simple-glassian.mp3,33,140
5386,subset/140-l-3005253-0171104-dark-shots.mp3,33,140
5390,subset/140-l-0817298-0094032-enzotic-scifi-drone-fx.mp3,33,140
5400,subset/140-l-0831304-0067947-dubtek-dubstep-bass-b.mp3,33,140
5403,subset/140-l-2954505-0193821-sad-lil-peep-guitar.mp3,33,140
5408,subset/140-l-0361320-0038852-impulsion-beautiful-orchestral-piano-loop.mp3,33,140
5411,subset/140-l-1031881-0069717-reflexaudiotech1-full-melody.mp3,33,140
5416,subset/140-l-2921269-0194217-wavy-old-organ-1.mp3,33,140
5423,subset/140-l-0345547-0055403-cufool-air-synth.mp3,33,140
5432,subset/140-l-3048180-0173608-trap-loop-drop-thing.mp3,33,140
5466,subset/140-l-2956841-0169232-trap-harp-melody.mp3,33,140
5488,subset/140-l-3037338-0150749-amsterdam2bc.mp3,33,140
5519,subset/140-l-3005253-0171202-lucid-pad.mp3,33,140
5532,subset/140-l-2905129-0151320-lil-skies-x-lil-mosey-x-playboi-carti-type-loop.mp3,33,140
5534,subset/140-l-0963953-0105723-peliman44-partiality-melodic-lead.mp3,33,140
5560,subset/140-l-1024193-0143421-sign-bells.mp3,33,140
5561,subset/140-l-3005686-0191563-i-think-about-you.mp3,33,140
5564,subset/140-l-0081820-0021061-djsebastyan-lost-in-space.mp3,33,140
5565,subset/140-l-2978218-0164742-juice-wrld-x-polo-g-piano.mp3,33,140
5567,subset/140-l-0310298-0144298-delta-flurry.mp3,33,140
5591,subset/140-l-2881565-0184824-broken-glass-piano.mp3,33,140
5593,subset/140-l-2945815-0193816-part-2-deep-space-melody-by-310.mp3,33,140
5594,subset/140-l-0826800-0168225-flute-loop-1-no-halftime.mp3,33,140
5612,subset/140-l-2931921-0176924-oz-would-be-proud.mp3,33,140
5633,subset/140-l-0865296-0082613-theillgorilla-jphelpz-darkstep-bass.mp3,33,140
5652,subset/140-l-0340535-0144544-piano-chord-progression-for-edm-or-dubstep.mp3,33,140
5661,subset/140-l-0480098-0056679-jamievega-stuck-on-flat-dark-ambient-chords.mp3,33,140
5677,subset/140-l-3018444-0154017-cloud9.mp3,33,140
5684,subset/140-l-0707345-0104235-m1ntz413-excision-wub.mp3,33,140
5693,subset/140-l-2871950-0143703-electronic-plucking.mp3,33,140
5709,subset/140-l-0796811-0104023-zacwilkins-johto-8-bit-synth.mp3,33,140
5731,subset/140-l-2989321-0192911-happy-keys-lil-tecca.mp3,33,140
5751,subset/140-l-3092292-0181080-piano-half-time-140-bpm.mp3,33,140
5766,subset/140-l-2996256-0147363-dream-weaver.mp3,33,140
5774,subset/140-l-0466263-0100555-draon84-d-a-d-f-e-f-140bpm.mp3,33,140
5782,subset/140-l-0919754-0061184-necroshadow-very-sick-bass-wobble-part-1.mp3,33,140
5803,subset/140-l-0857244-0070939-rojo95-lights-remix-vocal-1.mp3,33,140
5806,subset/140-l-3005253-0171196-21-savage-melody-piano.mp3,33,140
5810,subset/140-l-2856554-0184045-lil-zay-osama-type-ish.mp3,33,140
5816,subset/140-l-3092292-0180533-trippythakid-type-loop-140bpm.mp3,33,140
5822,subset/140-l-2933768-0195015-lifeoftheo-this-is-kinda-tough-orchestra-loop.mp3,33,140
5839,subset/140-l-2995287-0179932-dark-melodic-trap.mp3,33,140
5862,subset/140-l-0823832-0076760-kritex-celldweller-type-of-drop.mp3,33,140
5863,subset/140-l-2808992-0177102-dark-metro-pad.mp3,33,140
5864,subset/140-l-2918705-0147917-big-chunkster.mp3,33,140
5870,subset/140-l-2836858-0170860-ghostemane-type-melody.mp3,33,140
5891,subset/140-l-2834277-0168577-6lack-x-phora-type-sample-140bpm.mp3,33,140
5895,subset/140-l-2896020-0165440-gunna-x-roddy-ricch-guitar-melody.mp3,33,140
5910,subset/140-l-2974946-0184435-lead-1-travis-scott-type-darkness.mp3,33,140
5912,subset/140-l-2943574-0186973-stuck-in-a-loop.mp3,33,140
5935,subset/140-l-3005025-0186553-lost-in-movies-polo-g-type.mp3,33,140
5938,subset/140-l-2889790-0168048-call-loop.mp3,33,140
5945,subset/140-l-0658685-0055436-thesavage-g140-firefacebass.mp3,33,140
5963,subset/140-l-2833192-0180249-creepy-vibes-guitar.mp3,33,140
5967,subset/140-l-3092292-0175363-night-lovell-bell-loop-140-bpm.mp3,33,140
5975,subset/140-l-0841698-0098547-byngsies-chillout-dubstep-background-airy-hits.mp3,33,140
5994,subset/140-l-0259745-0064892-ishimizu-chipped-lowfi-lead-synth.mp3,33,140
6006,subset/140-l-3092292-0174862-suicideboys-x-night-lovell-x-ghostemane-140-bpm.mp3,33,140
6011,subset/140-l-0658685-0055432-thesavage-c140-wurmbass.mp3,33,140
6016,subset/140-l-0920952-0134130-bass-never-turn-back-akaleboss.mp3,33,140
6028,subset/140-l-2972616-0193746-h-a-z-e.mp3,33,140
6037,subset/140-l-0911223-0185931-bleach-keys-140-am.mp3,33,140
6055,subset/140-l-2848636-0174800-comethazine-x-smokepurpp-hard-asf.mp3,33,140
6058,subset/140-l-2837417-0136625-miami-bells.mp3,33,140
6076,subset/140-l-0526898-0143742-coast.mp3,33,140
6082,subset/140-l-0777858-0066517-andrwthelyon-speed.mp3,33,140
6084,subset/140-l-0691889-0053265-flowcapn-crystal-horizon-stutter-pad-part-2.mp3,33,140
6091,subset/140-l-2839567-0176191-yella-beezy-type-melody.mp3,33,140
6127,subset/140-l-0219480-0182366-140-hip-hop-pad-bts-pack.mp3,33,140
6128,subset/140-l-0794457-0062853-deadstringer-bus-piano-1.mp3,33,140
6150,subset/140-l-0100662-0003813-cheezeman32-trance-synth-01.mp3,33,140
6159,subset/140-l-0913071-0139787-squire-strat-atmospheric-fx-2.mp3,33,140
6161,subset/140-l-0478115-0052314-kingballatore-house-loop-001.mp3,33,140
6174,subset/140-l-3063344-0184129-soaring-140.mp3,33,140
6179,subset/140-l-2843100-0162054-lil-uzi-x-juice-wrld-remember.mp3,33,140
6184,subset/140-l-2876320-0173397-heres-comethazine-melody-ok.mp3,33,140
6186,subset/140-l-2833937-0172834-lost-souls.mp3,33,140
6193,subset/140-l-2810961-0137943-some-synth.mp3,33,140
6230,subset/140-l-0689209-0080014-neezle-getting-dark-up-in-this-mother.mp3,33,140
6231,subset/140-l-2972616-0194484-nick-mira-x-iann-dior-x-poorstacy-keys.mp3,33,140
6247,subset/140-l-0916852-0070839-reed1415-reinstated-pluck.mp3,33,140
6277,subset/140-l-0145783-0127017-arcanethegreat-asian-voice-chop-140-bpm.mp3,33,140
6285,subset/140-l-0916852-0067519-reed1415-filth-and-bass.mp3,33,140
6286,subset/140-l-1031271-0083778-therevoutionist-acoustic-electronic-layered-groove.mp3,33,140
6297,subset/140-l-0733692-0124537-davideborelli-land-kit-trap-flute-1.mp3,33,140
6298,subset/140-l-0159051-0190516-minor2go-synth-power-feelings-3.mp3,33,140
6315,subset/140-l-2851836-0165280-the-pray.mp3,33,140
6320,subset/140-l-0498905-0057424-optimistic-bieber-death-news-2.mp3,33,140
6330,subset/140-l-0526898-0096732-aktivepro-some-commas.mp3,33,140
6351,subset/140-l-1058438-0107172-artificial42-memories-arp-synth.mp3,33,140
6352,subset/140-l-3005253-0171199-21-savage-pluck.mp3,33,140
6356,subset/140-l-0789156-0060855-jayjaybb-growley-dave-bass.mp3,33,140
6365,subset/140-l-2837229-0171801-oriental-melody.mp3,33,140
6371,subset/140-l-0933074-0079694-mike0112-first-drop-try.mp3,33,140
6380,subset/140-l-0775891-0067191-cfiredog-epic-intro-synth.mp3,33,140
6418,subset/140-l-2808586-0189825-what-the-keys.mp3,33,140
6423,subset/140-l-2946117-0146376-devil-inside-piano.mp3,33,140
6426,subset/140-l-2980739-0179905-flet-flet.mp3,33,140
6451,subset/140-l-2947202-0144435-guitar-ambient-trap-loop.mp3,33,140
6455,subset/140-l-0342904-0056432-breo-dirty-vocal-dubstep-bass.mp3,33,140
6469,subset/140-l-2828211-0191761-sad-guitar.mp3,33,140
6480,subset/140-l-2848608-0179381-deviating-keys-part-2.mp3,33,140
6483,subset/140-l-2952073-0179597-ocean-view.mp3,33,140
6491,subset/140-l-0540528-0087825-blakafer-trap-drop.mp3,33,140
6496,subset/140-l-3102386-0184215-bones-type-leads.mp3,33,140
6500,subset/140-l-0825949-0072607-mistatungtwista-gm-bass-loop.mp3,33,140
6501,subset/140-l-0913071-0139790-synth-lead-1-squire-strat-song.mp3,33,140
6527,subset/140-l-2940515-0155922-crying.mp3,33,140
6533,subset/140-l-2834791-0145044-lil-uzi-vert-type-loop-2.mp3,33,140
6571,subset/140-l-0505104-0051864-raptureofficialmusic-moment-of-madness-synth.mp3,33,140
6594,subset/140-l-0796811-0103935-zacwilkins-trap-cut-vox-1.mp3,33,140
6628,subset/140-l-0082073-0157850-lets-try-some-trap-loopz-02.mp3,33,140
6647,subset/140-l-2874620-0152310-lord-apex-type-piano-part-2.mp3,33,140
6652,subset/140-l-2901976-0142779-soulful-piano-melody-140-bpm-c-major.mp3,33,140
6673,subset/140-l-1058438-0113206-artificial42-inspiration-vox-synth.mp3,33,140
6676,subset/140-l-2974946-0184436-lead-2-travis-scott-type-darkness.mp3,33,140
6714,subset/140-l-0788612-0074687-inklewinkle2-melodic-dubstep-break-key-of-f.mp3,33,140
6731,subset/140-l-3061598-0178832-asia-lul.mp3,33,140
6739,subset/140-l-1094884-0147668-plucked-bass-loop.mp3,33,140
6755,subset/140-l-3003948-0175765-soft-relaxing-keys.mp3,33,140
6776,subset/140-l-2828211-0192090-heartbroken-guitar.mp3,33,140
6784,subset/140-l-0940839-0062450-boogieman0307-bring-it.mp3,33,140
6826,subset/140-l-0585857-0063816-kingadz12-bass-super-space-adventure-time-140bpm.mp3,33,140
6865,subset/140-l-0777858-0066518-andrwthelyon-speed-piano.mp3,33,140
6877,subset/140-l-0823832-0074766-kritex-the-future-basslines.mp3,33,140
6894,subset/140-l-1031881-0069716-reflexaudiotech1-plucks.mp3,33,140
6897,subset/140-l-1048767-0158621-140-foley-stuff.mp3,33,140
6915,subset/140-l-2809530-0134800-dylan-11am.mp3,33,140
6916,subset/140-l-0170665-0008589-oleolsen-guitar-loop-3.mp3,33,140
6920,subset/140-l-0749872-0088811-alexisescalona-epic-melodic-dubstep-drop.mp3,33,140
6945,subset/140-l-0962325-0164292-dark-atmospheric-pad.mp3,33,140
6951,subset/140-l-1044386-0081730-timmydarkside-cyclone-piano.mp3,33,140
6964,subset/140-l-3080661-0168691-money-flute.mp3,33,140
6970,subset/140-l-2837417-0137329-u-gonna-like-that-loop.mp3,33,140
6975,subset/140-l-0480098-0056683-jamievega-stuck-on-flat-wobble.mp3,33,140
6991,subset/140-l-3050639-0172709-love-bells.mp3,33,140
6998,subset/140-l-0813565-0068933-snipsukz-danjer-140bpm.mp3,33,140
7020,subset/140-l-0498905-0069580-optimistic-bad-noize.mp3,33,140
7022,subset/140-l-3063344-0186697-teardrops-140-a-lil-skies-lil-xan-juice-wrld-type-loop.mp3,33,140
7023,subset/140-l-0609523-0161328-nv-leave-a-message-fx-140.mp3,33,140
7036,subset/140-l-0219480-0179282-whislle-flex.mp3,33,140
7062,subset/140-l-0882657-0075009-projectsynapsys-banger-squeal-pop.mp3,33,140
7073,subset/140-l-3085668-0160216-piano-x-bell.mp3,33,140
7083,subset/140-l-0911223-0185825-cordial-keys-140-am.mp3,33,140
7125,subset/140-l-2989317-0168302-hardboiled.mp3,33,140
7147,subset/140-l-2874620-0152308-lord-apex-type-piano-part-1.mp3,33,140
7151,subset/140-l-0988492-0089108-kalokidd-groovy-bassline.mp3,33,140
7175,subset/140-l-2973394-0166377-tory-lanez-shootrs-type-loop.mp3,33,140
7200,subset/140-l-0916852-0065597-reed1415-angel-voice-synth.mp3,33,140
7210,subset/140-l-2972616-0193744-w-a-v-e-s.mp3,33,140
7234,subset/140-l-1046123-0069792-ky0sh1r0-fatal-impact.mp3,33,140
7237,subset/140-l-0857244-0070941-rojo95-lights-remix-wobble.mp3,33,140
7271,subset/140-l-0526890-0050879-st3rl1ng-023-dubstep-synth-140-bpm.mp3,33,140
7279,subset/140-l-0488082-0045801-cetche-maniacal-dubsteppers-140-bpm.mp3,33,140
7289,subset/140-l-1014075-0067225-striddy2-nice-electronic-bass-line.mp3,33,140
7291,subset/140-l-2974428-0182965-fly-remasp.mp3,33,140
7310,subset/140-l-0739799-0061822-nickmarshall-old-getter-style-bass-drop.mp3,33,140
7330,subset/140-l-3025925-0194321-zaytoven-cashmoneyap-type-keys-simple.mp3,33,140
7332,subset/140-l-3038497-0155120-juice-wrld-show-me-love-with-counter-melody.mp3,33,140
7344,subset/140-l-3002726-0152697-70s-porn-music-trance-arp.mp3,33,140
7348,subset/140-l-0793724-0082212-ultracryptik-contemplex-like-wobbles-w-sidechain.mp3,33,140
7372,subset/140-l-2874014-0179370-juice-wrld-type-piano-melody.mp3,33,140
7373,subset/140-l-2966623-0194335-gunna-x-lil-keed-type-guitar-first-loop-prodts.mp3,33,140
7391,subset/140-l-0633575-0064433-lodderup-bumble-bee-strings.mp3,33,140
7394,subset/140-l-0916852-0070838-reed1415-reinstated-piano.mp3,33,140
7418,subset/140-l-0843620-0065223-ksilvatheboss-inspiring-flute.mp3,33,140
7431,subset/140-l-0505104-0052026-raptureofficialmusic-genocide-bass-flux-pavilion-style.mp3,33,140
7437,subset/140-l-0793724-0082211-ultracryptik-contemplex-like-wobbles-no-sc.mp3,33,140
7442,subset/140-l-0000007-0000188-mcthrustmaster-mctm-short-snappy-bass.mp3,33,140
7447,subset/140-l-2856554-0184537-melodic-synths.mp3,33,140
7457,subset/140-l-2809530-0156646-l-i-p-s.mp3,33,140
7461,subset/140-l-2910346-0183074-playboi-carti-x-juice-wrld-x-iann-dior-loop.mp3,33,140
7471,subset/140-l-2847642-0150414-sad-lil-uzi-vert-melody-without-keys.mp3,33,140
7473,subset/140-l-2805851-0179652-flutey-chop.mp3,33,140
7535,subset/140-l-0689209-0077281-neezle-squeaky-trap-lead.mp3,33,140
7538,subset/140-l-0218753-0077270-djcriz3y-dark-intro-criz.mp3,33,140
7547,subset/140-l-1055973-0162618-emotional-piano.mp3,33,140
7553,subset/140-l-0840075-0077659-mariosh-trap-bangers.mp3,33,140
7560,subset/140-l-2896020-0158143-sad-piano-melody-nba-young-boy-broken.mp3,33,140
7567,subset/140-l-2943574-0185605-cruising-through-space.mp3,33,140
7589,subset/140-l-2856554-0183643-juice-wrld-flute.mp3,33,140
7604,subset/140-l-2856554-0183646-juice-wrld-strings.mp3,33,140
7611,subset/140-l-0173158-0154547-cmk-hard-piano-140bpm.mp3,33,140
7622,subset/140-l-2826893-0149174-dream-race-loop.mp3,33,140
7631,subset/140-l-3014025-0158954-kontakt-flute.mp3,33,140
7637,subset/140-l-0916852-0070836-reed1415-reinstated-bleep.mp3,33,140
7679,subset/140-l-0100662-0003814-cheezeman32-trance-synth-02.mp3,33,140
7690,subset/140-l-2921269-0193079-metallic-synth-pad-chords-1.mp3,33,140
7701,subset/140-l-2980739-0179678-weeknd-melancholy.mp3,33,140
7736,subset/140-l-2987857-0177499-xxxtentacion-remember-chords.mp3,33,140
7739,subset/140-l-0843620-0065222-ksilvatheboss-trippy-synth-pad.mp3,33,140
7793,subset/140-l-3083729-0188171-sad-piano-style-2.mp3,33,140
7810,subset/140-l-0716544-0123650-grumple-liljizzstain-loop-v1.mp3,33,140
7819,subset/140-l-0823832-0078507-kritex-celldweller-type-of-drop-2.mp3,33,140
7825,subset/140-l-0767388-0056715-krextor-back-again-synth-loop.mp3,33,140
7831,subset/140-l-2910346-0187788-playboi-carti-x-juice-wrld-x-pierre-bourne.mp3,33,140
7837,subset/140-l-2872083-0170027-sad-as-fck.mp3,33,140
7839,subset/140-l-2905129-0145675-dark-juicewrld-type-melody.mp3,33,140
7864,subset/140-l-0689209-0083666-neezle-metallic-groove.mp3,33,140
7890,subset/140-l-1005538-0082723-l0new0lf-typical-dubstep-drop.mp3,33,140
7901,subset/140-l-2957126-0193731-lil-uzi-vert-type-loop-140-bpm.mp3,33,140
7910,subset/140-l-0823832-0091598-kritex-zomboy-type-of-drop-2.mp3,33,140
7915,subset/140-l-2874620-0140478-celtic-harp.mp3,33,140
7917,subset/140-l-1038105-0092087-mvtmac-ladder.mp3,33,140
7918,subset/140-l-1018967-0117227-atlasblue-future-bass-background-vocals.mp3,33,140
7932,subset/140-l-2923876-0150318-trap-hip-hop-melody.mp3,33,140
7933,subset/140-l-2837229-0165423-chu-type-melody-2.mp3,33,140
7938,subset/140-l-2817095-0194423-high-school-love-story.mp3,33,140
7940,subset/140-l-0869688-0063309-electrohappens-simple-dubstep-synth.mp3,33,140
7942,subset/140-l-3030434-0181996-retribution-guitar.mp3,33,140
7954,subset/140-l-0963953-0068861-peliman44-creepy-pad.mp3,33,140
7957,subset/140-l-2856554-0184536-melodic-plucks.mp3,33,140
7971,subset/140-l-2851836-0177072-sever.mp3,33,140
7974,subset/140-l-3005253-0171204-lucid-violin.mp3,33,140
7978,subset/140-l-2954754-0175708-keyscape-rhodes-polo-g-x-lil-tjay-not-alive.mp3,33,140
7989,subset/140-l-2815745-0165416-eden-type-ambient-pad.mp3,33,140
7991,subset/140-l-2858797-0173840-soft-piano-loop-neo.mp3,33,140
7995,subset/140-l-2943574-0185606-cruising-through-space-version-2.mp3,33,140
8014,subset/140-l-1031271-0070825-therevoutionist-acoustic-half-time-dubstep-groove.mp3,33,140
8025,subset/140-l-3056971-0164138-darkness-1-pad.mp3,33,140
8046,subset/140-l-2934709-0192969-lo-fi-vibes-feelings.mp3,33,140
8049,subset/140-l-0134239-0076757-devodale-dfcg-140bpm-dance-arp.mp3,33,140
8056,subset/140-l-2549426-0182729-spacey-loop.mp3,33,140
8059,subset/140-l-0733692-0124539-davideborelli-land-kit-trap-bells.mp3,33,140
8062,subset/140-l-3005253-0171197-21-savage-pad.mp3,33,140
8071,subset/140-l-2928860-0173201-showoff.mp3,33,140
8081,subset/140-l-2837229-0164253-travis-scott-piano.mp3,33,140
8099,subset/140-l-2874122-0146096-trap-sitar-loop-3.mp3,33,140
8105,subset/140-l-2952073-0193623-leather-face.mp3,33,140
8107,subset/140-l-2968451-0189643-old-school-real-trap-strings.mp3,33,140
8108,subset/140-l-3005253-0171195-21-savage-type-melody-intro-2.mp3,33,140
8109,subset/140-l-0925296-0088382-maxxplaya100-nes-atmosphere.mp3,33,140
8111,subset/140-l-0789156-0060859-jayjaybb-growley-dave-synth.mp3,33,140
8139,subset/140-l-0107450-0167536-victorious.mp3,33,140
8142,subset/140-l-1058438-0107126-artificial42-sand-dune-shadows-vox-synth.mp3,33,140
8153,subset/140-l-2847139-0155957-day-dream-lofi-piano-synth.mp3,33,140
8172,subset/140-l-2980473-0170531-fire-spacey-melody-playboi-carti-rich-the-kid-type-loop.mp3,33,140
8173,subset/140-l-0585857-0063697-kingadz12-bass-v1-yup-140bpm.mp3,33,140
